CREATE TABLE DEPART (
                        DEPT_NO  NUMBER(2) NOT NULL,
                        DNOMBRE  VARCHAR2(14),
                        LOC      VARCHAR2(14),
                        PRIMARY KEY (DEPT_NO) );

CREATE TABLE EMPLE (
                       EMP_NO    NUMBER(4) NOT NULL,
                       APELLIDO  VARCHAR2(10),
                       OFICIO    VARCHAR2(10),
                       DIR       NUMBER(4) ,
                       FECHA_ALT DATE      ,
                       SALARIO   NUMBER(10),
                       COMISION  NUMBER(10),
                       DEPT_NO   NUMBER(2) NOT NULL,
                       CONSTRAINT PK_EMP_NO PRIMARY KEY (EMP_NO) );

INSERT INTO DEPART VALUES (10,'CONTABILIDAD','SEVILLA');
INSERT INTO DEPART VALUES (20,'INVESTIGACION','MADRID');
INSERT INTO DEPART VALUES (30,'VENTAS','BARCELONA');
INSERT INTO DEPART VALUES (40,'PRODUCCION','BILBAO');

INSERT INTO EMPLE VALUES (7369,'SANCHEZ','EMPLEADO',7902,'17/12/1980',104000,NULL,20);
INSERT INTO EMPLE VALUES (7499,'ARROYO','VENDEDOR',7698,'20/02/1980', 208000,39000,30);
INSERT INTO EMPLE VALUES (7521,'SALA','VENDEDOR',7698,'22/02/1981', 162500,65000,30);
INSERT INTO EMPLE VALUES (7566,'JIMENEZ','DIRECTOR',7839,'02/04/1981', 386750,NULL,20);
INSERT INTO EMPLE VALUES (7654,'MARTIN','VENDEDOR',7698,'29/09/1981', 162500,182000,30);
INSERT INTO EMPLE VALUES (7698,'NEGRO','DIRECTOR',7839,'01/05/1981', 370500,NULL,30);
INSERT INTO EMPLE VALUES (7782,'CEREZO','DIRECTOR',7839,'09/06/1981', 318500,NULL,10);
INSERT INTO EMPLE VALUES (7788,'GIL','ANALISTA',7566,'09/11/1981', 390000,NULL,20);
INSERT INTO EMPLE VALUES (7839,'REY','PRESIDENTE',NULL,'17/11/1981', 650000,NULL,10);
INSERT INTO EMPLE VALUES (7844,'TOVAR','VENDEDOR',7698,'08/09/1981', 195000,0,30);
INSERT INTO EMPLE VALUES (7876,'ALONSO','EMPLEADO',7788,'23/09/1981', 143000,NULL,20);
INSERT INTO EMPLE VALUES (7900,'JIMENO','EMPLEADO',7698,'03/12/1981', 123500,NULL,30);
INSERT INTO EMPLE VALUES (7902,'FERNANDEZ','ANALISTA',7566,'03/12/1981',390000, NULL,20);
INSERT INTO EMPLE VALUES (7934,'MU OZ','EMPLEADO',7782,'23/01/1982',169000, NULL,10);

CREATE TABLE PRODUCTOS (
                           COD_PRODUCTO     NUMBER(2) NOT NULL,
                           DESCRIPCION      VARCHAR2(25),
                           LINEA_PRECIO_UNI NUMBER(5),
                           STOCK            NUMBER(2)
);

INSERT INTO PRODUCTOS VALUES (1,'PROCESADOR P133 PROCES',15000,10);
INSERT INTO PRODUCTOS VALUES (2,'PLACA BASE VX PB',10000,10);
INSERT INTO PRODUCTOS VALUES (3,'SIMM EDO 16MB MEM',7000,10);
INSERT INTO PRODUCTOS VALUES (4,'DISCO SCSI 4MB DSCOS',40000,10);
INSERT INTO PRODUCTOS VALUES (5,'PROCESADOR K6 PROCES',20000,10);
INSERT INTO PRODUCTOS VALUES (6,'DISCO IDE 2.5MB DISCOS',25000,10);
INSERT INTO PRODUCTOS VALUES (7,'PROCESADOR MMX PROCES',23000,10);
INSERT INTO PRODUCTOS VALUES (8,'PLACA BASE ATLA PB',50000,10);
INSERT INTO PRODUCTOS VALUES (9,'DIMM SDRAM 32MB MEM',26400,10);

CREATE TABLE VENTAS (
                        NIF			VARCHAR2(4) NOT NULL,
                        COD_PRODUCTO NUMBER(2) NOT NULL,
                        FECHA		DATE,
                        UNIDADES		NUMBER(5)
);

INSERT INTO VENTAS VALUES ('333C',2,'22/09/09',2);
INSERT INTO VENTAS VALUES ('888H',4,'22/09/09',1);
INSERT INTO VENTAS VALUES ('555E',6,'22/09/09',3);
INSERT INTO VENTAS VALUES ('222B',5,'22/09/09',5);
INSERT INTO VENTAS VALUES ('111A',9,'22/09/09',2);
INSERT INTO VENTAS VALUES ('222B',4,'28/09/09',1);
INSERT INTO VENTAS VALUES ('444D',6,'02/10/09',2);
INSERT INTO VENTAS VALUES ('555E',4,'02/10/09',1);
INSERT INTO VENTAS VALUES ('888H',2,'04/10/09',4);
INSERT INTO VENTAS VALUES ('333C',6,'04/10/09',4);
INSERT INTO VENTAS VALUES ('222B',6,'05/10/09',2);
INSERT INTO VENTAS VALUES ('666F',7,'07/10/09',1);
INSERT INTO VENTAS VALUES ('555E',4,'10/10/09',3);
INSERT INTO VENTAS VALUES ('222B',4,'16/10/09',2);
INSERT INTO VENTAS VALUES ('111A',3,'18/10/09',3);
INSERT INTO VENTAS VALUES ('444D',6,'22/10/09',2);
INSERT INTO VENTAS VALUES ('555E',6,'02/11/09',2);
INSERT INTO VENTAS VALUES ('888H',2,'04/11/09',3);
INSERT INTO VENTAS VALUES ('333C',9,'04/12/09',3);
INSERT INTO VENTAS VALUES ('222B',2,'05/12/09',2);
INSERT INTO VENTAS VALUES ('222B',4,'18/10/09',5);

CREATE TABLE CLIENTES (
                          NIF  VARCHAR2(4) NOT NULL PRIMARY KEY,
                          NOMBRE  	VARCHAR2(14),
                          DOMICILIO   VARCHAR2(14) );

INSERT INTO CLIENTES VALUES ('111A','ANDRES','POZUELO');
INSERT INTO CLIENTES VALUES ('222B','JAIME','ARAVACA');
INSERT INTO CLIENTES VALUES ('333C','TERESA','LAS ROZAS');
INSERT INTO CLIENTES VALUES ('444D','VICENTE','MADRID');
INSERT INTO CLIENTES VALUES ('555E','SANDRA','MADRID');
INSERT INTO CLIENTES VALUES ('666F','ALBERTO','POZUELO');
INSERT INTO CLIENTES VALUES ('777G','MIGUEL','POZUELO');
INSERT INTO CLIENTES VALUES ('888H','MARINA','ARAVACA');
INSERT INTO CLIENTES VALUES ('999I','ANTONIO','LAS ROZAS');